1,2517,,2,JOG NECK LABEL ,BLACK,1,Y6,,2100,1,0.63,1323,
2,2517,,2,JOG NECK LABEL ,BLACK,2,Y8,,877,1,0.63,552.51,2017-09-10
3,1805049,,2,JOG NECK LABEL ,BLACK,3,YXS,,565,1,0.63,355.95,2018-09-05
4,1808149,,2,JOG NECK LABEL ,BLACK,4,YS,,2383,1,7.5,17872.5,2018-08-28
5,1808124,,2,JOG NECK LABEL ,BLACK,5,YM12,,66,1,7.5,495,2018-08-14
6,1808149,,2,JOG NECK LABEL ,BLACK,6,YL,,732,1,7.5,5490,2018-08-28
7,1808124,,2,JOG NECK LABEL ,BLACK,7,YXL,,465,1,7.5,3487.5,2018-08-14
8,2517,,2,JOG NECK LABEL ,BLACK,8,AXS,,2698,1,0.63,1699.74,
9,,,2,JOG NECK LABEL ,BLACK,9,AM,,3726,1,0.63,2347.38,2019-01-09
10,1812208,,2,JOG NECK LABEL ,BLACK,10,AL,,1853,1,0.63,1167.39,2018-11-12
11,1810188,,2,JOG NECK LABEL ,BLACK,11,AXL,,1136,1,7.5,8520,2018-10-25
12,1808124,,2,JOG NECK LABEL ,BLACK,12,A2XL,,658,1,7.5,4935,2019-08-14
13,2517,,2,JOG NECK LABEL ,BLACK,13,A3XL,,3554,1,0.63,2239.02,
14,2517,,2,JOG NECK LABEL ,BLACK,14,A4XL,,299,1,0.63,188.37,
15,2517,,2,JOG NECK LABEL ,BLACK,15,GC-56,,1190,1,0.63,749.7,
16,2517,,2,JOG NECK LABEL ,BLACK,16,GC-60,,4789,1,0.63,3017.07,
17,2517,,2,JOG NECK LABEL ,BLACK,17,GOALIE,,680,1,0.63,428.4,
18,1812215,,2,JOG NECK LABEL ,BLACK,18,NO SIZE,,656,1,0.63,413.28,2018-12-21
19,G2WA1803028,,2,JOG NECK LABEL ,BLACK,19,CHILD,,1196,1,0.63,753.48,2018-03-22
20,G2WA1801001,,2,JOG NECK LABEL ,BLACK,20,Y8,,2400,1,0.63,1512,2018-11-01
21,1805053,,2,JOG NECK LABEL ,BLACK,21,YL,,352,1,0.63,221.76,2018-05-21
22,1805053,,2,JOG NECK LABEL ,BLACK,22,YXS,,600,1,0.63,378,2018-05-21
23,1806068,,2,JOG NECK LABEL ,BLACK,23,AXXL,,1200,1,0.63,756,2018-06-13
24,1808149,,2,JOG NECK LABEL ,BLACK,24,AS,,2001,1,7.5,15007.5,2018-08-28
25,1812209,,2,JOG NECK LABEL ,BLACK,25,YM12,,600,1,7.5,4500,2018-11-12
26,1812209,,2,JOG NECK LABEL ,BLACK,26,YL,,600,1,7.5,4500,2018-11-12
27,1812209,,2,JOG NECK LABEL ,BLACK,27,YXS,,600,1,7.5,4500,2018-11-12
28,1812209,,2,JOG NECK LABEL ,BLACK,28,AXL,,600,1,7.5,4500,2018-11-12
29,2517,,2,JOG HOCKEY LABEL ,GREY,29,AXS-46,,4168,1,1.58,6585.44,
30,2517,,2,JOG HOCKEY LABEL ,GREY,30,AS-46,,9578,1,1.58,15133.24,
31,2517,,2,JOG HOCKEY LABEL ,GREY,31,AS-48,,1430,1,1.58,2259.4,
32,2517,,2,JOG HOCKEY LABEL ,GREY,32,AM-49,,4733,1,1.58,7478.14,
33,1810187,,2,JOG HOCKEY LABEL ,GREY,33,AXL-54,,2261,1,1.58,3572.38,2018-10-25
34,2517,,2,JOG HOCKEY LABEL ,GREY,34,A2XL-56,,5631,1,1.58,8896.98,
35,2517,,2,JOG HOCKEY LABEL ,GREY,35,A3XL-58,,333,1,1.58,526.14,
36,2517,,2,JOG HOCKEY LABEL ,GREY,36,A4XL-60,,1740,1,1.58,2749.2,
37,2517,,2,JOG HOCKEY LABEL ,GREY,37,GC-60,,1790,1,1.58,2828.2,
38,2517,,2,JOG HOCKEY LABEL ,GREY,38,GOALIE,,2245,1,1.58,3547.1,
39,1808125,,2,JOG HOCKEY LABEL ,GREY,39,AM-50,,1754,1,1.58,2771.32,2018-08-14
40,YU05001-17,YU SHIN,2,JOG HOCKEY LABEL-TW,GREY,40,AL-52,,1200,1,1.58,1896,
41,YU05001-17,YU SHIN,2,JOG HOCKEY LABEL-TW,GREY,41,A3XL-58,,1200,1,1.58,1896,
42,1809160,,2,JOG HOCKEY LABEL ,GREY,42,AS-48,,600,1,1.58,948,2018-09-14
43,1809160,,2,JOG HOCKEY LABEL ,GREY,43,AM-50,,600,1,1.58,948,2018-09-14
44,1809160,,2,JOG HOCKEY LABEL ,GREY,44,GC-60,,600,1,1.58,948,2018-09-14
45,1810187,,2,JOG HOCKEY LABEL ,GREY,45,AL-52,,2376,1,1.58,3754.08,2018-10-25
46,1810187,,2,JOG HOCKEY LABEL ,GREY,46,YOUTH,,1146,1,1.58,1810.68,2018-10-25
47,1810187,,2,JOG HOCKEY LABEL ,GREY,47,GOALIE,,1197,1,1.58,1891.26,2018-10-25
48,2517,,2,JOG NECK WOMEN LABEL ,BLUE,48,Y6,,2100,1,0.63,1323,
49,2517,,2,JOG NECK WOMEN LABEL ,BLUE,49,Y8,,1500,1,0.63,945,
50,YU05001-7,YU SHIN,2,JOG WOMEN T-SHIRTS LABEL-TW,BLUE,50,YXS,,999,1,0.63,629.37,
51,2517,,2,JOG NECK WOMEN LABEL ,BLUE,51,YS10,,1178,1,0.63,742.14,
52,2517,,2,JOG WOMEN T-SHIRTS LABEL,BLUE,52,YM12,,565,1,0.63,355.95,2017-08-28
53,YU05001-7,YU SHIN,2,JOG WOMEN T-SHIRTS LABEL-TW,BLUE,53,YL,,628,1,0.63,395.64,
54,2517,,2,JOG NECK WOMEN LABEL ,BLUE,54,AXS,,1988,1,0.63,1252.44,
55,A1902012,,2,JOG NECK WOMEN LABEL ,BLUE,55,AS,,1200,1,0.63,756,2562-02-11
56,2517,,2,JOG NECK WOMEN LABEL ,BLUE,56,AS,,421,1,0.63,265.23,
57,2517,,2,JOG NECK WOMEN LABEL ,BLUE,57,AM,,3300,1,0.63,2079,
58,2517,,2,JOG NECK WOMEN LABEL ,BLUE,58,AL,,1419,1,0.63,893.97,
59,2517,,2,JOG NECK WOMEN LABEL ,BLUE,59,AXL,,2791,1,0.63,1758.33,
60,2517,,2,JOG NECK WOMEN LABEL ,BLUE,60,A2XL,,3899,1,0.63,2456.37,
61,2517,,2,JOG  LABEL NO SIZE-WOMEN,BLUE,61,NO SIZE,,1796,1,0.63,1131.48,
62,YU05001-7,YU SHIN,2,JOG WOMEN T-SHIRTS LABEL-TW,BLUE,62,YS,,1200,1,0.63,756,
63,YU05001-7,YU SHIN,2,JOG WOMEN T-SHIRTS LABEL-TW,BLUE,63,YM,,1200,1,0.63,756,
64,G2WA1801001,,2,JOG NECK LABEL ,BLUE,64,YL,,2400,1,0.63,1512,2018-11-01
65,YU05001-7,YU SHIN,2,JOG WOMEN T-SHIRTS LABEL-TW,BLUE,65,AXS,,1200,1,0.63,756,
66,YU05001-7,YU SHIN,2,JOG WOMEN T-SHIRTS LABEL-TW,BLUE,66,NO SIZE,,1200,1,0.63,756,
67,G2WA1801001,,2,JOG NECK LABEL ,BLUE,67,NO SIZE,,2400,1,0.63,1512,2018-11-01
68,A-1902018,,2,NECK LABEL,RED,68,48,,100,1,7,700,2019-02-25
69,A-1902018,,2,NECK LABEL,RED,69,50,,100,1,7,700,2019-02-25
70,A-1902018,,2,NECK LABEL,RED,70,52,,200,1,7,1400,2019-02-25
71,A-1902018,,2,NECK LABEL,RED,71,54,,300,1,7,2100,2019-02-25
72,A-1902018,,2,NECK LABEL,RED,72,56,,300,1,7,2100,2019-02-25
73,A-1902018,,2,NECK LABEL,RED,73,58,,100,1,7,700,2019-02-25
74,A-1902018,,2,NECK LABEL,RED,74,58G,,100,1,7,700,2019-02-25
75,A-1902018,,2,NECK LABEL,RED,75,60G,,100,1,7,700,2019-02-25
76,A1712004,,,NECK LABEL,BLACK,76,YXS,,900,1,0.58,522,2017-11-12
77,A1712004,,,NECK LABEL,BLACK,77,YS,,600,1,0.58,348,2017-11-12
78,A1712004,,,NECK LABEL,BLACK,78,YM,,900,1,0.58,522,2017-11-12
79,A1712004,,,NECK LABEL,BLACK,79,YL,,900,1,0.58,522,2017-11-12
80,A1712004,,,NECK LABEL,BLACK,80,YL-XL,,2400,1,0.58,1392,2017-11-12
81,A1712004,,,NECK LABEL,BLACK,81,YXL,,900,1,0.58,522,2017-11-12
82,A1712004,,,NECK LABEL,BLACK,82,AS,,300,1,0.58,174,2017-11-12
83,A1712004,,,NECK LABEL,BLACK,83,AM,,300,1,0.58,174,2017-11-12
84,A1712004,,,NECK LABEL,BLACK,84,AL,,600,1,0.58,348,2017-11-12
85,A1712004,,,NECK LABEL,BLACK,85,AXL,,1034,1,0.58,599.72,2017-11-12
86,A1712004,,,NECK LABEL,BLACK,86,A2XL,,900,1,0.58,522,2017-11-12
87,A1712004,,,NECK LABEL,BLACK,87,A3XL,,900,1,0.58,522,2017-11-12
88,A1712004,,,NECK LABEL,BLACK,88,A4XL,,900,1,0.58,522,2017-11-12
89,A1712004,,,NECK LABEL,BLACK,89,CHILD,,600,1,0.58,348,2017-11-12
90,A1712004,,,NECK LABEL,BLACK,90,GOALIE,,1800,1,0.58,1044,2017-11-12
91,2517/193,,,NECK LABEL,RED,91,YS-M,,1175,1,0.58,681.5,2017-09-10
92,2517/193,,,NECK LABEL,RED,92,NO SIZE,,1500,1,0.58,870,2017-09-10
93,2517,,,NECK LABEL,WHITE,93,SPORT,,1768,1,1.5,2652,
94,2517/171,,,Mad in Tailand LABEL ,BLACK,94,YS,,3500,1,2.5,8750,
95,2517/171,,,Mad in Tailand LABEL ,BLACK,95,YM,,3598,1,2.5,8995,
96,2517/171,,,Mad in Tailand LABEL ,BLACK,96,YL,,4498,1,2.5,11245,
97,2517/171,,,Mad in Tailand LABEL ,BLACK,97,YXL,,3898,1,2.5,9745,
98,2517/171,,,Mad in Tailand LABEL ,BLACK,98,AS,,3282,1,2.5,8205,
99,2517/171,,,Mad in Tailand LABEL ,BLACK,99,AM,,3596,1,2.5,8990,
100,2517/171,,,Mad in Tailand LABEL ,BLACK,100,AL,,3900,1,2.5,9750,
101,2517/171,,,Mad in Tailand LABEL ,BLACK,101,AXL,,3600,1,2.5,9000,
102,2517/171,,,Mad in Tailand LABEL ,BLACK,102,AXXL,,2399,1,2.5,5997.5,
103,2517/171,,,Mad in Tailand LABEL ,BLACK,103,GOALE,,1796,1,2.5,4490,
104,2517,,,HKX SMALL LABEL,BLACK,104,YS,,1200,1,0.45,540,
105,2517,,,HKX SMALL LABEL,BLACK,105,YM,,877,1,0.45,394.65,
106,2517,,,HKX SMALL LABEL,BLACK,106,YL,,818,1,0.45,368.1,
107,2517,,,HKX SMALL LABEL,BLACK,107,AS,,600,1,0.45,270,
108,2517,,,HKX SMALL LABEL,BLACK,108,AM,,300,1,0.45,135,
109,2517,,,HKX SMALL LABEL,BLACK,109,AL,,900,1,0.45,405,
110,2517,,,HKX SMALL LABEL,BLACK,110,AXL,,880,1,0.45,396,
111,2517,,,HKX SMALL LABEL,BLACK,111,A2XL,,598,1,0.45,269.1,
112,1806068,,,HKX SMALL LABEL,BLACK,112,GC-60,,300,1,0.45,135,2018-06-13
113,2517,,,HKX SMALL LABEL,BLACK,113,GOALIE,,600,1,0.45,270,
114,1806068,,,HKX SMALL LABEL,BLACK,114,NO SIZE,,600,1,0.45,270,2018-06-13
115,2517,,,HKX BIG LABEL,GREY,115,AS,,879,1,1.58,1388.82,
116,2517,,,HKX BIG LABEL,GREY,116,AM,,831,1,1.58,1312.98,
117,2517,,,HKX BIG LABEL,GREY,117,AL,,753,1,1.58,1189.74,
118,2517,,,HKX BIG LABEL,GREY,118,AXL,,590,1,1.58,932.2,
119,2517,,,HKX BIG LABEL,GREY,119,A2XL,,1198,1,1.58,1892.84,
120,2517,,,HKX BIG LABEL,GREY,120,A3XL,,900,1,1.58,1422,
121,2517,,,HKX BIG LABEL,GREY,121,GC-60,,900,1,1.58,1422,
122,2517,,,HKX BIG LABEL,GREY,122,GOALIE,,900,1,1.58,1422,
123,1806068,,,HKX BIG LABEL,GREY,123,YOUTH,,861,1,1.58,1360.38,2018-06-13
124,2517,,,KID LABEL,WHITE,124,NO SIZE,,2220,1,,0,
125,1808052,,,CLEAR LABEL LOGO JOG,WHITE,125,LOGO JOG,,955,1,1.41,1346.55,2018-11-09
126,A1902013,,,CLEAR LABEL LOGO JOG,WHITE,126,LOGO JOG,,3600,1,1.41,5076,2019-02-21
127,G2WA1804034,,,CLEAR LABEL NOT LOGO,WHITE,127,NO LOGO,,3556,1,1.41,5013.96,2018-04-20
128,1808147,TAX ID,,HOCKEY LACE NECK,WHITE,128,"23""",,414,1,2.2,910.8,2018-03-09
129,1808147,TAX ID,,HOCKEY LACE NECK,BLACK,129,"23""",,1867,1,2.2,4107.4,2018-03-09
130,2517,TAX ID,,HOCKEY LACE NECK,NAVY,130,"23""",,538,1,2.2,1183.6,
131,1808147,TAX ID,,HOCKEY LACE NECK,NAVY,131,"23""",,1500,1,2.2,3300,2018-03-09
132,2517/182,TAX ID,,HOCKEY LACE NECK,MOROON,132,"23""",,170,1,2.2,374,
133,1806085,TAX ID,,HOCKEY LACE NECK,GOLD,133,"23""",,200,1,2.2,440,2018-09-07
134,1812212,TAX ID,,HOCKEY LACE NECK,WHITE,134,"23""",,2968,1,2.2,6529.6,2018-11-12
135,2517,TAX ID,,HOCKEY LACE NECK,WHITE,135,,,363,1,2.2,798.6,
136,2517,TAX ID,,HOCKEY LACE NECK,WHITE,136,,,1769,2,3.5,6191.5,2017-11-24
137,1808146,TAX ID,,HOCKEY LACE NECK,WHITE,137,,,3000,2,3.5,10500,2018-03-09
138,1811207,TAX ID,,WAIST STRING-SMAILL,WHITE,138,,,4785,2,2.5,11962.5,2018-11-30
139,2517,TAX ID,,WAIST STRING-SMAILL,BLACK,139,,,1386,2,2.5,3465,2017-08-24
140,2517,TAX ID,,WAIST STRING-SMAILL,NAVY,140,,,1800,2,2.5,4500,2017-01-08
141,1807107,TAX ID,,WAIST STRING-SMAILL,BLACK,141,,,3000,2,2.5,7500,2018-07-30
142,2517,TAX ID,,WAIST STRING-BIG,BLACK,142,,,4250,2,2.5,10625,
143,2517,TAX ID,,WAIST STRING-BIG,NAVY,143,,,1800,2,2.5,4500,2017-07-22
144,1807106,TAX ID,,WAIST STRING-BIG,WHITE,144,,,4648,2,2.5,11620,2018-07-17
145,1807106,TAX ID,,WAIST STRING-BIG,NAVY,145,,,3000,2,2.5,7500,2018-07-17
146,1805006,PAIHO,,DRAWCORD-TW,BLACK,146,"42""",,400,1,2.5,1000,2018-11-07
147,PAI5001-17,PAIHO,,DRAWCORD-TW,BLACK,147,"46""",,23,1,2.5,57.5,2017-10-20
148,1805006,PAIHO,,DRAWCORD-TW,BLACK,148,"52""",,1913,1,2.5,4782.5,2018-11-07
149,PAI5001-17,PAIHO,,DRAWCORD-TW,BLACK,149,"60""",,1183,1,2.5,2957.5,2017-10-20
150,PAI5001-17,PAIHO,,DRAWCORD-TW,BLACK,150,"69""",,601,1,2.5,1502.5,2017-10-20
151,1805006,PAIHO,,DRAWCORD-TW,BLACK,151,"60""",,1558,1,2.5,3895,2018-11-07
152,1805006,PAIHO,,DRAWCORD-TW,BLACK,152,"69""",,699,1,2.5,1747.5,2018-11-07
153,1809011,PAIHO,,DRAWCORD-TW,BLACK,153,"42""",,500,1,2.5,1250,2018-05-11
154,1809011,PAIHO,,DRAWCORD-TW,BLACK,154,"52""",,2985,1,2.5,7462.5,2018-05-11
155,1809011,PAIHO,,DRAWCORD-TW,BLACK,155,"60""",,1977,1,2.5,4942.5,2018-05-11
156,1805006,PAIHO,,DRAWCORD-TW,WHITE,156,"42""",,500,1,2.5,1250,2018-11-07
157,PAI5001-17,PAIHO,,DRAWCORD-TW,WHITE,157,"52""",,768,1,2.5,1920,2017-10-20
158,PAI5001-17,PAIHO,,DRAWCORD-TW,WHITE,158,"60""",,2769,1,2.5,6922.5,2017-10-20
159,PAI5001-17,PAIHO,,DRAWCORD-TW,WHITE,159,"69""",,1500,1,2.5,3750,2017-10-20
160,1809011,PAIHO,,DRAWCORD-TW,WHITE,160,"42""",,500,1,2.5,1250,2018-05-11
161,1809011,PAIHO,,DRAWCORD-TW,WHITE,161,"52""",,3000,1,2.5,7500,2018-05-11
162,1805006,PAIHO,,DRAWCORD-TW,WHITE,162,"52""",,1490,1,2.5,3725,2018-11-07
163,1809011,PAIHO,,DRAWCORD-TW,WHITE,163,"60""",,2000,1,2.5,5000,2018-05-11
164,1805006,PAIHO,,DRAWCORD-TW,WHITE,164,"60""",,958,1,2.5,2395,2018-11-07
165,1805006,PAIHO,,DRAWCORD-TW,NAVY,165,"42""",,197,1,2.5,492.5,2018-11-07
166,1805006,PAIHO,,DRAWCORD-TW,NAVY,166,"52""",,38,1,2.5,95,2018-11-07
167,1805006,PAIHO,,DRAWCORD-TW,NAVY,167,"60""",,1641,1,2.5,4102.5,2018-11-07
168,PAI5001-17,PAIHO,,DRAWCORD-TW,NAVY,168,"69""",,697,1,2.5,1742.5,2017-10-20
169,1805006,PAIHO,,DRAWCORD-TW,NAVY,169,"69""",,800,1,2.5,2000,2018-11-07
170,1809011,PAIHO,,DRAWCORD-TW,NAVY,170,"42""",,996,1,2.5,2490,2018-05-11
171,1809011,PAIHO,,DRAWCORD-TW,NAVY,171,"52""",,3000,1,2.5,7500,2018-05-11
172,1809011,PAIHO,,DRAWCORD-TW,NAVY,172,"60""",,1973,1,2.5,4932.5,2018-05-11
173,,,,PULLER ZIP-JOG,BLACK,173,,,3763,1,8,30104,2018-01-15
174,1810177+1810178,TAX ID,,BELTTAPE,BLACK,174,,,745,2,15,11175,2018-10-23
175,1810190,TAX ID,,BELTTAPE,BLACK,175,,,400,2,15,6000,2018-06-11
176,1810191,TAX ID,,BELTTAPE,BLACK,176,,,400,2,15,6000,2018-06-11
177,1811202,TAX ID,,BELTTAPE,BLACK,177,,,400,2,15,6000,2018-11-21
178,no#po,,,BUCKLE BELT,BLACK,178,,,809,1,11,8899,2018-08-24
179,1809012,,,BUCKLE BELT,BLACK,179,,,5000,1,11,55000,2018-10-31
180,no#po,,,Stopper,BLACK,180,,,10,1,4,40,
181,1807108,,,Stopper,BLACK,181,,,5000,1,4,20000,2018-07-20
182,2517/178,,,DRAWWSTRING,BLACK,182,3 MM.,,703,2,1.53,1075.59,
183,2517/255,,,DRAWWSTRING,BLACK,183,3 MM.,,2955,2,1.53,4521.15,
184,1807104,,,DRAWWSTRING,BLACK,184,4 MM.,,1500,2,1.53,2295,2018-07-18
185,1811119,,,VELCRO TAPE-LOOP,WHITE,185,"2""",,514,2,5.75,2955.5,2018-02-11
186,2517/083,,,VELCRO TAPE-LOOP,WHITE,186,"1""",,49,2,4.5,220.5,
187,1809163,,,VELCRO TAPE-LOOP,WHITE,187,"1""",,200,2,4.5,900,2018-09-17
188,1809163,,,VELCRO TAPE-LOOP,BLACK,188,"1""",,100,2,4.5,450,2018-09-17
189,2517,,,VELCRO TAPE-HOOK,WHITE,189,"2""",,416,2,0.58,241.28,
190,2517/083,,,VELCRO TAPE-HOOK,WHITE,190,"1""",,49,2,4.5,220.5,
191,1809163,,,VELCRO TAPE-HOOK,WHITE,191,"1""",,200,2,4.5,900,2018-09-17
192,1809163,,,VELCRO TAPE-HOOK,BLACK,192,"1""",,100,2,4.5,450,2018-09-17
193,1810193,,,NECK TAPE-JOG new,BLACK,193,10 MM.,,6900,2,4,27600,2018-11-23
194,1804041,,,NECK TAPE-JOG new,GREY,194,10 MM.,,4150,2,4,16600,2018-05-14
195,1803033,,,NECK TAPE-JOG ,BLACK,195,9 MM.,,950,2,4,3800,2017-04-24
196,2517,,,NECK TAPE-HKX ,BLACK,196,1=50Y,,2136,2,4,8544,
197,2517/055,,,WOVEN TAPE,WHITE,197,1 CM.,,354,2,4.8,1699.2,
198,1811200,,,WOVEN TAPE,BLACK,198,1 CM.,,342,2,4.8,1641.6,2018-08-11
199,A1812214,,,WOVEN TAPE,BLACK,199,1CM.,,500,2,3.5,1750,2018-12-20
200,2517/209,,,WOVEN TAPE,BLACK,200,"5/8""",,198,2,4.8,950.4,2017-10-31
201,1806062,,,WOVEN TAPE,BLACK,201,"5/8""",,200,2,4.8,960,2018-07-06
202,A1812210,,,ELASTIC,WHITE,202,"0.5""",,6135,2,1.53,9386.55,2019-10-01
203,1808149,,,ELASTIC,WHITE,203,"0.5""",,3588,2,1.53,5489.64,2018-06-09
204,1808123+1808122,,,ELASTIC,WHITE,204,"1""",,4116,2,2.29,9425.64,2018-08-21
205,1806083,,,ELASTIC,WHITE,205,"1.5""",,5001,2,3.4,17003.4,2018-10-07
206,2517,,,ELASTIC,WHITE,206,"1-1/4""",,1398,2,2.91,4068.18,
207,1807094,,,ELASTIC,WHITE,207,"1-1/4""",,2880,2,2.91,8380.8,2018-07-17
208,1807094,,,ELASTIC,WHITE,208,"2""",,2740,2,3.47,9507.8,2018-07-17
209,1801001,YU SHIN,,Waistband Elastic,GREY,209,"1.75""",,2500,2,22.42,56050,2018-02-14
210,YU05002-17,YU SHIN,,Waistband Elastic,GREY,210,"2.25""",,500,2,28.63,14315,2017-05-05
211,1805006,YU SHIN,,Waistband Elastic,GREY,211,"2.25""",,3000,2,28.63,85890,2018-11-07
212,1807007,YU SHIN,,Waistband Elastic,GREY,212,"1.75""",,6000,2,22.42,134520,2018-09-04
213,,,,CLEAR BUTTONS JOG LOGO,WHITE,213,1 CM.,,8650,1,0.42,3633,2018-10-25
214,1805058,,,BUTTONS ,WHITE,214,1.5 CM.,,5354,1,0.45,2409.3,2018-05-06
215,,,,BUTTONS ,BLACK,215,1.5 CM.,,2044,1,0.59,1205.96,2019-01-09
216,G2W-A1801004,,,BUTTONS ,NAVY,216,1.5 CM.,,488,1,0.59,287.92,
217,1807104,สั่งซื้อมาเป็น KG.,,,WHITE,217,,,10,3,15,150,2018-07-18
218,1812211,,,Snap,สีเงิน,218,ตัวใหญ่X1ตัว,,3100,1,,0,2018-11-12
219,1812211,,,Snap,สีเงิน,219,ตัวเล็กX2 ตัว,,4440,1,,0,2018-11-12
220,A190108,YKK,, ZIPPER,BLACK,220,3.5,,200,1,2.56,512,2562-02-08
221,2517,YKK,, ZIPPER,BLACK,221,4,,44,1,,0,
222,2562,YKK,, ZIPPER,BLACK,222,4,,500,1,,0,2019-01-21
223,2517,YKK,, ZIPPER,BLACK,223,4.5,,322,1,,0,
224,2562,YKK,, ZIPPER,BLACK,224,4.5,,500,1,,0,2019-01-21
225,2517,YKK,, ZIPPER,BLACK,225,5.5,,500,1,,0,
226,2517,YKK,, ZIPPER,BLACK,226,6.5,,800,1,,0,2017-10-21
227,2517,YKK,, ZIPPER,BLACK,227,8,,592,1,3.53,2089.76,2017-07-09
228,2517,YKK,, ZIPPER,BLACK,228,10,,200,1,4.02,804,2017-09-15
229,1808126,YKK,, ZIPPER,BLACK,229,6,,884,1,3.05,2696.2,2018-08-15
230,1810182,YKK,, ZIPPER,BLACK,230,5,,1493,1,2.81,4195.33,2018-10-17
231,1810182,YKK,, ZIPPER,BLACK,231,6,,1998,1,3.05,6093.9,2018-10-17
232,A190108,YKK,, ZIPPER,WHITE,232,3.5,,100,1,2.56,256,2019-02-08
233,2562,YKK,, ZIPPER,WHITE,233,4,,500,1,,0,2019-01-21
234,2562,YKK,, ZIPPER,WHITE,234,4.5,,500,1,,0,2019-01-21
235,2517,YKK,, ZIPPER,WHITE,235,4.5,,234,1,,0,2017-10-19
236,G2WA1804043,YKK,, ZIPPER,WHITE,236,5,,770,1,,0,2018-10-05
237,2517,YKK,, ZIPPER,WHITE,237,5.5,,798,1,,0,2018-11-12
238,2562,YKK,, ZIPPER,WHITE,238,6,,500,1,3.05,1525,2019-01-21
239,2517,YKK,, ZIPPER,WHITE,239,6,,270,1,3.05,823.5,2017-10-08
240,2519,YKK,, ZIPPER,WHITE,240,6.5,,500,1,,0,2019-01-16
241,2519,,, ZIPPER,WHITE,241,8,,500,1,,0,2019-01-16
242,1811205,,, ZIPPER,WHITE,242,7,,1000,1,,0,2018-11-27
243,2562,YKK,, ZIPPER,WHITE,243,10,,500,1,4.02,2010,2019-01-21
244,2517,YKK,, ZIPPER,WHITE,244,10,,500,1,4.02,2010,
245,A190108,YKK,, ZIPPER,NAVY,245,3.5,,200,1,2.56,512,2562-02-08
246,2562,YKK,, ZIPPER,NAVY,246,4,,500,1,2.56,1280,2019-01-21
247,2562,YKK,, ZIPPER,NAVY,247,4.5,,500,1,2.69,1345,2019-01-21
248,2517,YKK,, ZIPPER,NAVY,248,5.5,,300,1,,0,2017-09-15
249,2517,YKK,, ZIPPER,NAVY,249,6.5,,932,1,,0,2017-10-21
250,2517,YKK,, ZIPPER,NAVY,250,8,,493,1,3.53,1740.29,
251,2517,YKK,, ZIPPER,NAVY,251,10,,158,1,4.02,635.16,2017-09-15
252,1808127,YKK,, ZIPPER,NAVY,252,5,,147,1,2.81,413.07,2018-08-15
253,1808127,YKK,, ZIPPER,NAVY,253,6,,344,1,3.05,1049.2,2018-08-15
254,1810182,YKK,, ZIPPER,NAVY,254,5,,1000,1,2.81,2810,2018-10-17
255,1810182,YKK,, ZIPPER,NAVY,255,6,,1000,1,3.05,3050,2018-10-17
256,2517,YKK,, ZIPPER,BLUE,256,5,,36,1,2.81,101.16,
257,2517,YKK,, ZIPPER,BROWN,257,5,,438,1,2.81,1230.78,
258,G2WA1803029,YKK,,MEN ZIPPER,NAVY,258,20,,20,1,,0,2018-04-18
259,2517/164,YKK,,MEN ZIPPER,NAVY,259,20.5,,25,1,,0,2017-09-13
260,2517/227,YKK,,MEN ZIPPER,NAVY,260,21,,2,1,,0,2017-04-12
261,1808130,,,MEN ZIPPER,NAVY,261,22,,33,1,15.21,501.93,2018-08-23
262,2517/164,YKK,,MEN ZIPPER,NAVY,262,22.5,,24,1,,0,2017-09-13
263,1808130,,,MEN ZIPPER,NAVY,263,23,,22,1,15.55,342.1,2018-08-23
264,2517/164,YKK,,MEN ZIPPER,NAVY,264,23.5,,34,1,,0,2017-09-13
265,G2WA1803029,YKK,,MEN ZIPPER,NAVY,265,23.5,,10,1,,0,2018-04-18
266,1805053,YKK,,MEN ZIPPER,NAVY,266,24,,21,1,15.9,333.9,2018-06-15
267,1805053,YKK,,MEN ZIPPER,NAVY,267,28,,25,1,17.46,436.5,2018-06-15
268,2517/164,YKK,,MEN ZIPPER,NAVY,268,24.5,,36,1,,0,2017-09-13
269,G2WA1803029,YKK,,MEN ZIPPER,NAVY,269,24.5,,20,1,,0,2018-04-18
270,2517,YKK,,MEN ZIPPER,NAVY,270,25,,5,1,16.42,82.1,
271,2517/164,YKK,,MEN ZIPPER,NAVY,271,25.5,,25,1,,0,2017-09-13
272,2517,YKK,,MEN ZIPPER,NAVY,272,26,,51,1,16.59,846.09,
273,,YKK,,MEN ZIPPER,NAVY,273,26.5,,30,1,,0,
274,2517,YKK,,MEN ZIPPER,NAVY,274,27,,16,1,16.94,271.04,2017-10-08
275,2517,YKK,,MEN ZIPPER,NAVY,275,27.5,,23,1,,0,
276,2517,YKK,,MEN ZIPPER,NAVY,276,28,,6,1,17.46,104.76,2010-10-08
277,2517,YKK,,MEN ZIPPER,NAVY,277,28.5,,15,1,,0,
278,G2WA1803029,YKK,,MEN ZIPPER,NAVY,278,18.5,,20,1,,0,2018-04-18
279,2517,YKK,,MEN ZIPPER,NAVY,279,29,,18,1,17.63,317.34,2017-10-08
280,2517,YKK,,MEN ZIPPER,NAVY,280,29.5,,20,1,,0,
281,2517,YKK,,MEN ZIPPER,NAVY,281,30,,57,1,17.98,1024.86,
282,2517,YKK,,MEN ZIPPER,NAVY,282,30.5,,57,1,,0,2010-10-08
283,2517,YKK,,MEN ZIPPER,NAVY,283,31.5,,47,1,,0,2010-10-08
284,2517,YKK,,MEN ZIPPER,NAVY,284,31,,28,1,,0,2010-10-08
285,1808130,,,MEN ZIPPER,NAVY,285,20,,70,1,14.51,1015.7,2018-08-23
286,1808130+1808123+1810180,,,MEN ZIPPER,NAVY,286,21,,50,1,14.86,743,2018-08-23
287,1808130+1808123+1810180,,,MEN ZIPPER,NAVY,287,22,,70,1,15.55,1088.5,2018-10-18
288,1808130+1808123+1810180,,,MEN ZIPPER,NAVY,288,23,,70,1,15.55,1088.5,2018-10-18
289,1808130+1808123+1810180,,,MEN ZIPPER,NAVY,289,24,,140,1,15.9,2226,2018-10-18
290,1808130+1808123+1810180,,,MEN ZIPPER,NAVY,290,25,,140,1,16.25,2275,2018-10-18
291,1808123+1810180,,,MEN ZIPPER,NAVY,291,27,,70,1,16.94,1185.8,2018-10-18
292,1810180,,,MEN ZIPPER,NAVY,292,28,,50,1,17.29,864.5,2018-10-18
293,1810180,,,MEN ZIPPER,NAVY,293,29,,50,1,17.63,881.5,2018-10-18
294,1810180,,,MEN ZIPPER,NAVY,294,30,,50,1,17.98,899,2018-10-18
295,1810180,,,MEN ZIPPER,NAVY,295,31,,50,1,18.33,916.5,2018-10-18
296,1807099,YKK,,MEN ZIPPER,WHITE,296,21.5,,24,1,15.03,360.72,2018-07-20
297,1807099,YKK,,MEN ZIPPER,WHITE,297,22.5,,30,1,15.38,461.4,2018-07-20
298,2517/114,YKK,,MEN ZIPPER,WHITE,298,23,,10,1,15.5,155,
299,2517/114,YKK,,MEN ZIPPER,WHITE,299,23.5,,2,1,15.73,31.46,
300,1807099,YKK,,MEN ZIPPER,WHITE,300,23.5,,30,1,15.73,471.9,2018-07-20
301,2517/114,YKK,,MEN ZIPPER,WHITE,301,24,,10,1,15.9,159,
302,1807099,YKK,,MEN ZIPPER,WHITE,302,24,,30,1,15.9,477,2018-07-20
303,2517/114,YKK,,MEN ZIPPER,WHITE,303,26,,8,1,16.59,132.72,
304,1806070,YKK,,MEN ZIPPER,WHITE,304,26,,30,1,16.59,497.7,2018-06-21
305,1806070,YKK,,MEN ZIPPER,WHITE,305,27,,30,1,16.94,508.2,2018-06-21
306,1806070,YKK,,MEN ZIPPER,WHITE,306,28,,26,1,17.46,453.96,2018-06-21
307,1806070,YKK,,MEN ZIPPER,WHITE,307,29,,30,1,17.63,528.9,2018-06-21
308,1806070,YKK,,MEN ZIPPER,WHITE,308,30,,19,1,17.98,341.62,2018-06-21
309,1811206,YKK,,MEN ZIPPER,BLACK,309,19.5,,29,1,,0,2018-11-27
310,1807091+1809175+1808132+1807090+1807001+18070100,YKK,,MEN ZIPPER,BLACK,310,20,,40,1,14.51,580.4,2018-07-20
311,1810181,YKK,,MEN ZIPPER,BLACK,311,20.5,,67,1,14.68,983.56,2018-10-17
312,1811206,YKK,,MEN ZIPPER,BLACK,312,20.5,,30,1,14.51,435.3,2018-11-27
313,1807091+1809175+1808132+1807090+1807001+18070100,YKK,,MEN ZIPPER,BLACK,313,21,,80,1,14.86,1188.8,2018-07-20
314,1810181,YKK,,MEN ZIPPER,BLACK,314,21.5,,10,1,15.03,150.3,2018-10-17
315,1811206,YKK,,MEN ZIPPER,BLACK,315,21.5,,30,1,14.51,435.3,2018-11-27
316,1807091+1809175+1808132+1807090+1807001+18070100,YKK,,MEN ZIPPER,BLACK,316,22,,80,1,15.55,1244,2018-07-20
317,1811204,,,MEN ZIPPER,BLACK,317,22,,29,1,15.21,441.09,2018-11-23
318,1810181,YKK,,MEN ZIPPER,BLACK,318,22.5,,30,1,15.38,461.4,2018-10-17
319,1811204,,,MEN ZIPPER,BLACK,319,22.5,,40,1,15.38,615.2,2018-11-23
320,1807091+1809175+1808132+1807090+1807001+18070100,YKK,,MEN ZIPPER,BLACK,320,23,,60,1,15.55,933,2018-07-20
321,1811204,,,MEN ZIPPER,BLACK,321,23.5,,50,1,15.73,786.5,2018-11-23
322,1810181,YKK,,MEN ZIPPER,BLACK,322,23.5,,50,1,15.73,786.5,2018-10-17
323,1807091+1809175+1808132+1807090+1807001+18070100,YKK,,MEN ZIPPER,BLACK,323,24,,90,1,15.9,1431,2018-07-20
324,,,,MEN ZIPPER,BLACK,324,24.5,,20,1,15.9,318,
325,1811204,,,MEN ZIPPER,BLACK,325,24.5,,100,1,16.07,1607,2018-11-23
326,1807091+1809175+1808132+1807090+1807001+18070100,YKK,,MEN ZIPPER,BLACK,326,25,,100,1,16.25,1625,2018-07-20
327,1805053+1810181,YKK,,MEN ZIPPER,BLACK,327,25,,100,1,16.42,1642,2018-10-17
328,1811204,,,MEN ZIPPER,BLACK,328,25.5,,50,1,16.42,821,2018-11-23
329,2517/163,YKK,,MEN ZIPPER,BLACK,329,25.5,,30,1,,0,2017-09-13
330,1810181,YKK,,MEN ZIPPER,BLACK,330,26,,90,1,16.59,1493.1,2018-10-17
331,1807091+1809175+1808132+1807090+1807001+18070100,YKK,,MEN ZIPPER,BLACK,331,26,,130,1,16.59,2156.7,2018-07-20
332,,YKK,,MEN ZIPPER,BLACK,332,26.5,,29,1,,0,
333,1811204,,,MEN ZIPPER,BLACK,333,27,,80,1,169.4,13552,2018-11-23
334,1807091+1809175+1808132+1807090+1807001+18070100,YKK,,MEN ZIPPER,BLACK,334,27,,123,1,16.94,2083.62,2018-07-23
335,,,,MEN ZIPPER,BLACK,335,27.5,,30,1,,0,2019-01-16
336,1807091+1809175+1808132+1807090+1807001+18070100,YKK,,MEN ZIPPER,BLACK,336,28,,180,1,17.46,3142.8,2018-07-20
337,2517,YKK,,MEN ZIPPER,BLACK,337,28,,55,1,17.46,960.3,2017-07-09
338,1807091+1809175+1808132+1807090+1807001+18070100,YKK,,MEN ZIPPER,BLACK,338,29,,159,1,17.63,2803.17,2018-07-20
339,2517,YKK,,MEN ZIPPER,BLACK,339,29,,96,1,17.63,1692.48,
340,17/1/2019,YKK,,MEN ZIPPER,BLACK,340,29.5,,40,1,17.63,705.2,
341,1807091+1809175+1808132+1807090+1807001+18070100,YKK,,MEN ZIPPER,BLACK,341,30,,100,1,17.98,1798,2018-07-20
342,2517/150,YKK,,MEN ZIPPER,BLACK,342,30,,156,1,17.98,2804.88,2017-05-09
343,1807091+1809175+1808132+1807090+1807001+18070100,YKK,,MEN ZIPPER,BLACK,343,31,,21,1,18.33,384.93,2018-07-20
344,2517,YKK,,MEN ZIPPER,BLACK,344,31,,58,1,18.33,1063.14,
345,1807091+1809175+1808132+1807090+1807001+18070100,YKK,,MEN ZIPPER,BLACK,345,31.5,,50,1,18.5,925,2018-07-20
346,2517,YKK,,MEN ZIPPER,BLACK,346,31.5,,21,1,18.5,388.5,
347,G2WA1803029,YKK,,MEN ZIPPER,BLACK,347,32,,30,1,18.68,560.4,
348,1807091+1809175+1808132+1807090+1807001+18070100,YKK,,MEN ZIPPER,BLACK,348,32,,50,1,18.68,934,2018-07-20
349,1809156,YKK,,MEN ZIPPER,BLACK,349,33,,30,1,19.02,570.6,2018-09-13
350,2517,YKK,,WOMEN ZIPPER,BLACK,350,19,,62,1,,0,
351,2517,YKK,,WOMEN ZIPPER,BLACK,351,20,,155,1,,0,
352,2517,YKK,,WOMEN ZIPPER,BLACK,352,21,,93,1,,0,
353,2517,YKK,,WOMEN ZIPPER,BLACK,353,22,,46,1,,0,
354,2517,YKK,,WOMEN ZIPPER,BLACK,354,23,,60,1,,0,
355,2517/200,YKK,,WOMEN ZIPPER,BLACK,355,23.5,,30,1,,0,2017-10-23
356,2517,YKK,,WOMEN ZIPPER,BLACK,356,24,,160,1,15.9,2544,
357,2517/200,YKK,,WOMEN ZIPPER,BLACK,357,24.5,,19,1,,0,2017-10-23
358,2517,YKK,,WOMEN ZIPPER,BLACK,358,25,,130,1,16.42,2134.6,
359,2517,YKK,,WOMEN ZIPPER,BLACK,359,26,,342,1,16.59,5673.78,
360,2517,YKK,,WOMEN ZIPPER,BLACK,360,27,,259,1,16.94,4387.46,
361,2517,YKK,,WOMEN ZIPPER,BLACK,361,28,,254,1,17.46,4434.84,
362,2517,YKK,,WOMEN ZIPPER,BLACK,362,29,,307,1,17.63,5412.41,
363,2517,YKK,,WOMEN ZIPPER,BLACK,363,30,,252,1,17.98,4530.96,
364,2517,YKK,,WOMEN ZIPPER,BLACK,364,31,,101,1,,0,
365,2517,YKK,,WOMEN ZIPPER,BLACK,365,32,,116,1,,0,
366,2517,YKK,,WOMEN ZIPPER,NAVY,366,19,,60,1,,0,
367,2517,YKK,,WOMEN ZIPPER,NAVY,367,20,,54,1,,0,
368,2517,YKK,,WOMEN ZIPPER,NAVY,368,21,,53,1,,0,
369,2517,YKK,,WOMEN ZIPPER,NAVY,369,22,,40,1,,0,
370,2517,YKK,,WOMEN ZIPPER,NAVY,370,23,,27,1,,0,
371,2517,YKK,,WOMEN ZIPPER,NAVY,371,24,,103,1,15.9,1637.7,
372,2517,YKK,,WOMEN ZIPPER,NAVY,372,25,,94,1,16.42,1543.48,
373,2517,YKK,,WOMEN ZIPPER,NAVY,373,26,,84,1,16.59,1393.56,
374,2517,YKK,,WOMEN ZIPPER,NAVY,374,27,,36,1,16.94,609.84,
375,2517,YKK,,WOMEN ZIPPER,NAVY,375,28,,60,1,17.46,1047.6,
376,2517,YKK,,WOMEN ZIPPER,NAVY,376,29,,109,1,17.63,1921.67,
377,2517,YKK,,WOMEN ZIPPER,NAVY,377,30,,99,1,17.98,1780.02,
378,2517,YKK,,WOMEN ZIPPER,NAVY,378,31,,48,1,,0,
379,2517,YKK,,WOMEN ZIPPER,NAVY,379,32,,60,1,,0,
380,2517,YKK,,WOMEN ZIPPER,GREY,380,18,,6,1,,0,
381,2517,YKK,,WOMEN ZIPPER,GREY,381,19,,6,1,,0,
382,2517,YKK,,WOMEN ZIPPER,GREY,382,20,,7,1,,0,
383,2517,YKK,,WOMEN ZIPPER,GREY,383,21,,5,1,,0,
384,2517,YKK,,WOMEN ZIPPER,GREY,384,22,,7,1,,0,
385,2517,YKK,,WOMEN ZIPPER,GREY,385,23,,6,1,,0,
386,2517,YKK,,WOMEN ZIPPER,BROWN,386,25,,153,1,16.42,2512.26,
387,2517,YKK,,WOMEN ZIPPER,PINK,387,25,,103,1,16.42,1691.26,
388,2517,YKK,,WOMEN ZIPPER,HOT PINK,388,25,,43,1,16.42,706.06,
389,2517,YKK,,WOMEN ZIPPER,KHAKI,389,25,,35,1,16.42,574.7,
